{"cameraMode":{"drawMode":0,"name":"Shaded","section":"Shading Mode"},"sceneLighting":false,"audioPlay":false,"sceneViewState":{"showFog":true,"showMaterialUpdate":true,"showSkybox":true,"showFlares":true,"showImageEffects":true,"showParticleSystems":true},"in2DMode":false,"pivot":{"x":7.4798479080200199,"y":1.2910418510437012,"z":-1.9670658111572266},"rotation":{"x":-0.2455979287624359,"y":0.13958550989627839,"z":-0.035762839019298556,"w":-0.9586024284362793},"size":6.600058555603027,"orthographic":false}