{"cameraMode":{"drawMode":0,"name":"Shaded","section":"Shading Mode"},"sceneLighting":false,"audioPlay":false,"sceneViewState":{"showFog":true,"showMaterialUpdate":true,"showSkybox":true,"showFlares":true,"showImageEffects":true,"showParticleSystems":true},"in2DMode":false,"pivot":{"x":7.4798479080200199,"y":1.2910418510437012,"z":-1.9670658111572266},"rotation":{"x":-0.3998396396636963,"y":-0.07493868470191956,"z":0.03282087296247482,"w":-0.9129267930984497},"size":9.294303894042969,"orthographic":false}