{"cameraMode":{"drawMode":0,"name":"Shaded","section":"Shading Mode"},"sceneLighting":true,"audioPlay":false,"sceneViewState":{"showFog":true,"showMaterialUpdate":true,"showSkybox":true,"showFlares":true,"showImageEffects":true,"showParticleSystems":true},"in2DMode":false,"pivot":{"x":1.1100000143051148,"y":0.48899999260902407,"z":2.0999999046325685},"rotation":{"x":-0.23036855459213258,"y":0.053098466247320178,"z":-0.0125905591994524,"w":-0.9715721607208252},"size":1.4289418458938599,"orthographic":false}